Park Code,Park Name,Category,Category Sort,Order,Family,Taxon Code,TSN,Taxon Record Status,Scientific Name,Common Names,Synonyms,Occurrence
OLYM,Olympic National Park,Mammal,1,Artiodactyla,Bovidae,95063,180713,Active,Oreamnos americanus,mountain goat,,Present
OLYM,Olympic National Park,Mammal,1,Artiodactyla,Cervidae,155887,-501605,Active,Cervus elaphus roosevelti,Roosevelt elk,"Cervus elaphus, Cervus canadensis occidentalis, Cervus canadensis roosevelti, Cervus roosevelti",Present
OLYM,Olympic National Park,Mammal,1,Artiodactyla,Cervidae,891968,898457,Active,Odocoileus hemionus columbianus,black-tailed deer,"Odocoileus hemionus, Odocoileus columbianus columbianus, Odocoileus hemionus columbianus",Present
OLYM,Olympic National Park,Mammal,1,Carnivora,Canidae,93340,180599,Active,Canis latrans,coyote,,Present
OLYM,Olympic National Park,Mammal,1,Carnivora,Canidae,93347,180604,Active,Vulpes vulpes,red fox,,Present
OLYM,Olympic National Park,Mammal,1,Carnivora,Felidae,93323,180583,Active,Lynx rufus rufus,bobcat,"Lynx rufus, Lynx fasciatus fasciatus, Lynx rufus fasciatus",Present
OLYM,Olympic National Park,Mammal,1,Carnivora,Felidae,265523,552789,Active,Puma concolor oregonensis,"mountain lion, cougar","Felis oregonensis oregonensis, Puma concolor, Felis concolor, Felis concolor oregonensis",Present
OLYM,Olympic National Park,Mammal,1,Carnivora,Mephitidae,93300,180562,Active,Mephitis mephitis,striped skunk,Mephitis foetulenta,Present
OLYM,Olympic National Park,Mammal,1,Carnivora,Mephitidae,93309,180570,Active,Spilogale putorius,"civit cat, spotted skunk","Spilogale gracilis latifrons, Spilogale phenax olympica, Spilogale gracilis, Spilogale olympica",Present
OLYM,Olympic National Park,Mammal,1,Carnivora,Mustelidae,93283,180547,Active,Enhydra lutris,sea otter,,Present
OLYM,Olympic National Park,Mammal,1,Carnivora,Mustelidae,93285,180549,Active,Lontra canadensis,"northwestern river otter, river otter","Lontra canadensis pacifica, Lutra canadensis pacifica, Lutra canadensis",Present
OLYM,Olympic National Park,Mammal,1,Carnivora,Mustelidae,628418,727088,Active,Martes americana caurina,marten,,Present
OLYM,Olympic National Park,Mammal,1,Carnivora,Mustelidae,630223,727219,Active,Mustela erminea olympica,Ermine,"Putorius streatori, Mustela erminea, Mustela erminea olympica",Present
OLYM,Olympic National Park,Mammal,1,Carnivora,Mustelidae,93293,180556,Active,Mustela frenata,long-tailed weasel,"Mustela frenata altifrontalis, Putorius washingtoni",Present
OLYM,Olympic National Park,Mammal,1,Carnivora,Mustelidae,629081,726284,Active,Neovison vison,American mink,"Mustela vison, Putorius vison energuminus, Mustela vison energumenos",Present
OLYM,Olympic National Park,Mammal,1,Carnivora,Mustelidae,950238,,Inactive,Pekania pennanti,"Fisher, Pacific fisher, fisher","Mustela penanti pacifica, Martes pennanti, Martes pennanti pacifica, Pekania pennanti",Present
OLYM,Olympic National Park,Mammal,1,Carnivora,Otariidae,93372,180627,Active,Callorhinus ursinus,northern fur seal,,Present
OLYM,Olympic National Park,Mammal,1,Carnivora,Otariidae,93370,180625,Active,Eumetopias jubatus,"northern sea lion, Steller sea-lion",,Present
OLYM,Olympic National Park,Mammal,1,Carnivora,Otariidae,93366,180621,Active,Zalophus californianus,California sea-lion,,Present
OLYM,Olympic National Park,Mammal,1,Carnivora,Phocidae,95017,180672,Active,Mirounga angustirostris,northern elephant seal,,Present
OLYM,Olympic National Park,Mammal,1,Carnivora,Phocidae,93396,180649,Active,Phoca vitulina,harbor seal,Phoca vitulina richardsi,Present
OLYM,Olympic National Park,Mammal,1,Carnivora,Procyonidae,93314,180575,Active,Procyon lotor,raccoon,"Procyon lotor pacifica, Procyon lotor psora",Present
OLYM,Olympic National Park,Mammal,1,Carnivora,Ursidae,93280,180544,Active,Ursus americanus,black bear,"Euarctos altifrontalis, Euarctos americanus altifrontalis, Ursus americanus altifrontalis",Present
OLYM,Olympic National Park,Mammal,1,Chiroptera,Vespertilionidae,115231,203452,Active,Corynorhinus townsendii,"long-eared bat, western big-eared bat","Plecotus townsendii, Plecotus townsendii townsendii",Present
OLYM,Olympic National Park,Mammal,1,Chiroptera,Vespertilionidae,88730,180008,Active,Eptesicus fuscus,big brown bat,,Present
OLYM,Olympic National Park,Mammal,1,Chiroptera,Vespertilionidae,88737,180014,Active,Lasionycteris noctivagans,silver-haired bat,,Present
OLYM,Olympic National Park,Mammal,1,Chiroptera,Vespertilionidae,106781,202343,Active,Lasiurus cinereus cinereus,hoary bat,,Present
OLYM,Olympic National Park,Mammal,1,Chiroptera,Vespertilionidae,88710,179991,Active,Myotis californicus,California myotis,,Present
OLYM,Olympic National Park,Mammal,1,Chiroptera,Vespertilionidae,88714,179995,Active,Myotis evotis,long-eared myotis,,Present
OLYM,Olympic National Park,Mammal,1,Chiroptera,Vespertilionidae,88706,179988,Active,Myotis lucifugus,"Little Brown Bat, Little Brown Myotis",Myotis lucifugus alascensis,Present
OLYM,Olympic National Park,Mammal,1,Chiroptera,Vespertilionidae,88709,179990,Active,Myotis volans,"hairy-winged myotis, long-legged myotis",Myotis volans longicrus,Present
OLYM,Olympic National Park,Mammal,1,Chiroptera,Vespertilionidae,88726,180004,Active,Myotis yumanensis,Yuma myotis,Myotis yumanensis saturatus,Present
OLYM,Olympic National Park,Mammal,1,Didelphimorphia,Didelphidae,88114,179921,Active,Didelphis virginiana,Virginia Opossum,,Present
OLYM,Olympic National Park,Mammal,1,Lagomorpha,Leporidae,89638,180112,Active,Lepus americanus,snowshoe rabbit,"Lepus washingtonii, Lepus washingtonii washingtonii, Lepus americanus washingtonii, Lepus americanus cascadensis",Present
OLYM,Olympic National Park,Mammal,1,Rodentia,Aplodontiidae,89661,180133,Active,Aplodontia rufa,"Mountain Beaver, Sewellel","Aplodontia rufa rufa, Aplodontia olympica",Present
OLYM,Olympic National Park,Mammal,1,Rodentia,Castoridae,90673,180212,Active,Castor canadensis,"Pacific beaver, American beaver, Pacific beaver","Castor canadensis leucodonta, Castor canadensis pacificus",Present
OLYM,Olympic National Park,Mammal,1,Rodentia,Cricetidae,90763,180294,Active,Clethrionomys gapperi,gapper red-backed mouse,"Clethrionomys gapperi nivarius, Clethrionomys gapperi occidentalis",Present
OLYM,Olympic National Park,Mammal,1,Rodentia,Cricetidae,90768,180299,Active,Microtus longicaudus,long-tailed vole,"Microtus macrurus, Microtus longicaudus macrurus",Present
OLYM,Olympic National Park,Mammal,1,Rodentia,Cricetidae,91704,180313,Active,Microtus oregoni,creeping vole,"Microtus morosus, Microtus oregoni oregoni",Present
OLYM,Olympic National Park,Mammal,1,Rodentia,Cricetidae,91707,180316,Active,Microtus townsendii,Townsend's vole,"Microtus townsendii townsendii, Microtus pumilus",Present
OLYM,Olympic National Park,Mammal,1,Rodentia,Cricetidae,91768,180371,Active,Neotoma cinerea,bushy-tailed woodrat,"Neotoma occidentalis, Neotoma cinerea occidentalis",Present
OLYM,Olympic National Park,Mammal,1,Rodentia,Cricetidae,91709,180318,Active,Ondatra zibethicus,muskrat,Ondatra zibethicus osoyoosensis,Present
OLYM,Olympic National Park,Mammal,1,Rodentia,Cricetidae,260609,552497,Active,Peromyscus keeni,Columbian mouse,"Peromyscus oreas oreas, Peromyscus oreas, Peromyscus keeni oreas",Present
OLYM,Olympic National Park,Mammal,1,Rodentia,Cricetidae,90743,180276,Active,Peromyscus maniculatus,white-footed mouse,"Peromyscus maniculatus austerus, Peromyscus maniculatus oreas, Peromyscus akeleyi",Present
OLYM,Olympic National Park,Mammal,1,Rodentia,Cricetidae,91754,180359,Active,Phenacomys intermedius,heather vole,"Phenacomys intermedius olympicus, Phenacomys intermedius oramontis, Phenacomys olympicus",Present
OLYM,Olympic National Park,Mammal,1,Rodentia,Dipodidae,155103,-501885,Active,Zapus trinotatus trinotatus,Pacific jumping mouse,"Zapus trinotatus, Zapus princeps trinotatus",Present
OLYM,Olympic National Park,Mammal,1,Rodentia,Erethizontidae,91792,180393,Active,Erethizon dorsatum,porcupine,,Present
OLYM,Olympic National Park,Mammal,1,Rodentia,Geomyidae,892790,900458,Active,Thomomys mazama melanops,"Olympic mazama pocket gopher, Western Pocket Gopher","Thomomys talpoides melanops, Thomomys mazama melanops, Thomomys mazama, Thomomys melanops",Present
OLYM,Olympic National Park,Mammal,1,Rodentia,Muridae,91762,180366,Active,Mus musculus,House Mouse,,Present
OLYM,Olympic National Park,Mammal,1,Rodentia,Muridae,91759,180363,Active,Rattus norvegicus,"Brown Rat, Norway Rat",,Present
OLYM,Olympic National Park,Mammal,1,Rodentia,Muridae,91758,180362,Active,Rattus rattus,"Black Rat, House Rat, Roof Rat",,Present
OLYM,Olympic National Park,Mammal,1,Rodentia,Sciuridae,1092339,,Active,Glaucomys oregonensis,"Northern Flying Squirrel, Bachman flying squirrel","Glaucomys sabrinus olympicus, Glaucomys sabrinus, Sciurus alpinus olympicus, Glaucomys sabrinus oregonensis",Present
OLYM,Olympic National Park,Mammal,1,Rodentia,Sciuridae,89670,180141,Active,Marmota olympus,Olympic marmot,Marmota caligata olympus,Present
OLYM,Olympic National Park,Mammal,1,Rodentia,Sciuridae,911750,931136,Active,Tamias amoenus caurinus,"Yellow-pine Chipmunk, yellow pine chipmunk","Tamias amoenus, Tamias amoenus caurinus, Eutamias amoenus, Eutamias amoenus caurinus, Tamias caurinus",Present
OLYM,Olympic National Park,Mammal,1,Rodentia,Sciuridae,90668,180208,Active,Tamias townsendii,Townsend chipmunk,"Eutamias townsendii, Eutamias townsendii cooperi, Tamias townsendii cooperi, Tamias townsendii townsendii, Eutamias townsendii townsendii",Present
OLYM,Olympic National Park,Mammal,1,Rodentia,Sciuridae,89698,180167,Active,Tamiasciurus douglasii,Douglas' squirrel,"Tamiasciurus douglasii douglasii, Sciurus douglasii, Sciurus douglasii douglasii",Present
OLYM,Olympic National Park,Mammal,1,Soricomorpha,Soricidae,88654,179940,Active,Sorex bendirii,"Bendire water shrew, Pacific water shrew",Sorex bendirii albiventer,Present
OLYM,Olympic National Park,Mammal,1,Soricomorpha,Soricidae,88122,179929,Active,Sorex cinereus,"cinereous shrew, masked shrew","Sorex cinereus streatori, Sorex cinereus cinereus",Present
OLYM,Olympic National Park,Mammal,1,Soricomorpha,Soricidae,88665,179950,Active,Sorex monticolus,dusky shrew,"Sorex obscurus, Sorex monticolus setosus",Present
OLYM,Olympic National Park,Mammal,1,Soricomorpha,Soricidae,88127,179933,Active,Sorex palustris,"mountain water shrew, water shrew",Sorex palustris navigator,Present
OLYM,Olympic National Park,Mammal,1,Soricomorpha,Soricidae,88671,179956,Active,Sorex trowbridgii,"Trowbridge shrew, Trowbridge's shrew","Sorex trowbridgii destructoni, Sorex trowbridgii trowbridgii, Sorex trowbridgii destructioni",Present
OLYM,Olympic National Park,Mammal,1,Soricomorpha,Soricidae,88126,179932,Active,Sorex vagrans,wandering shrew,Sorex vagrans vagrans,Present
OLYM,Olympic National Park,Mammal,1,Soricomorpha,Talpidae,88692,179975,Active,Neurotrichus gibbsii,shrew-mole,"Neurotrichus gibbsii minor, Neurotrichus gibbsii gibbsii",Present
OLYM,Olympic National Park,Mammal,1,Soricomorpha,Talpidae,88700,179982,Active,Scapanus orarius,coast mole,Scapanus orarius orarius,Present
OLYM,Olympic National Park,Mammal,1,Soricomorpha,Talpidae,88701,179983,Active,Scapanus townsendii,"snow mole, Townsend's Mole",,Present
OLYM,Olympic National Park,Bird,2,Accipitriformes,Accipitridae,79517,175309,Active,Accipiter cooperii,Cooper's Hawk,,Present
OLYM,Olympic National Park,Bird,2,Accipitriformes,Accipitridae,79508,175300,Active,Accipiter gentilis,Northern Goshawk,Astur atricapillus striatulus,Present
OLYM,Olympic National Park,Bird,2,Accipitriformes,Accipitridae,79512,175304,Active,Accipiter striatus,Sharp-shinned Hawk,Accipiter velox,Present
OLYM,Olympic National Park,Bird,2,Accipitriformes,Accipitridae,80429,175407,Active,Aquila chrysaetos,Golden Eagle,,Present
OLYM,Olympic National Park,Bird,2,Accipitriformes,Accipitridae,79563,175350,Active,Buteo jamaicensis,Red-tailed Hawk,Buteo borealis calurus,Present
OLYM,Olympic National Park,Bird,2,Accipitriformes,Accipitridae,80391,175373,Active,Buteo lagopus,Rough-legged Hawk,,Probably Present
OLYM,Olympic National Park,Bird,2,Accipitriformes,Accipitridae,79579,175365,Active,Buteo platypterus,Broad-winged Hawk,,Probably Present
OLYM,Olympic National Park,Bird,2,Accipitriformes,Accipitridae,80455,175430,Active,Circus cyaneus,Northern Harrier,,Present
OLYM,Olympic National Park,Bird,2,Accipitriformes,Accipitridae,80444,175420,Active,Haliaeetus leucocephalus,Bald Eagle,Haliaeetus leucocephalus alascanus,Present
OLYM,Olympic National Park,Bird,2,Accipitriformes,Cathartidae,79468,175265,Active,Cathartes aura,Turkey Vulture,,Present
OLYM,Olympic National Park,Bird,2,Accipitriformes,Pandionidae,81838,175590,Active,Pandion haliaetus,Osprey,,Present
OLYM,Olympic National Park,Bird,2,Anseriformes,Anatidae,77836,175122,Active,Aix sponsa,Wood Duck,,Present
OLYM,Olympic National Park,Bird,2,Anseriformes,Anatidae,77782,175074,Active,Anas acuta,Northern Pintail,,Present
OLYM,Olympic National Park,Bird,2,Anseriformes,Anatidae,77804,175094,Active,Anas americana,American Wigeon,,Present
OLYM,Olympic National Park,Bird,2,Anseriformes,Anatidae,77806,175096,Active,Anas clypeata,Northern Shoveler,,Present
OLYM,Olympic National Park,Bird,2,Anseriformes,Anatidae,77790,175081,Active,Anas crecca,Green-winged Teal,,Present
OLYM,Olympic National Park,Bird,2,Anseriformes,Anatidae,77798,175089,Active,Anas cyanoptera,Cinnamon Teal,,Present
OLYM,Olympic National Park,Bird,2,Anseriformes,Anatidae,77795,175086,Active,Anas discors,Blue-winged Teal,,Present
OLYM,Olympic National Park,Bird,2,Anseriformes,Anatidae,77802,175092,Active,Anas penelope,Eurasian Wigeon,,Probably Present
OLYM,Olympic National Park,Bird,2,Anseriformes,Anatidae,77770,175063,Active,Anas platyrhynchos,Mallard,,Present
OLYM,Olympic National Park,Bird,2,Anseriformes,Anatidae,77781,175073,Active,Anas strepera,Gadwall,,Present
OLYM,Olympic National Park,Bird,2,Anseriformes,Anatidae,77723,175020,Active,Anser albifrons,Greater White-fronted Goose,,Present
OLYM,Olympic National Park,Bird,2,Anseriformes,Anatidae,78519,175134,Active,Aythya affinis,Lesser Scaup,,Present
OLYM,Olympic National Park,Bird,2,Anseriformes,Anatidae,77839,175125,Active,Aythya americana,Redhead,,Present
OLYM,Olympic National Park,Bird,2,Anseriformes,Anatidae,78512,175128,Active,Aythya collaris,Ring-necked Duck,,Present
OLYM,Olympic National Park,Bird,2,Anseriformes,Anatidae,78515,175130,Active,Aythya marila,Greater Scaup,,Present
OLYM,Olympic National Park,Bird,2,Anseriformes,Anatidae,78513,175129,Active,Aythya valisineria,Canvasback,Nyroca valisineria,Present
OLYM,Olympic National Park,Bird,2,Anseriformes,Anatidae,77713,175011,Active,Branta bernicla,Brant,Branta nigricans,Present
OLYM,Olympic National Park,Bird,2,Anseriformes,Anatidae,76625,174999,Active,Branta canadensis,Canada Goose,,Present
OLYM,Olympic National Park,Bird,2,Anseriformes,Anatidae,604603,714068,Active,Branta hutchinsii,Cackling Goose,,Present
OLYM,Olympic National Park,Bird,2,Anseriformes,Anatidae,78531,175145,Active,Bucephala albeola,Bufflehead,,Present
OLYM,Olympic National Park,Bird,2,Anseriformes,Anatidae,78527,175141,Active,Bucephala clangula,Common Goldeneye,,Present
OLYM,Olympic National Park,Bird,2,Anseriformes,Anatidae,78530,175144,Active,Bucephala islandica,Barrow's Goldeneye,,Present
OLYM,Olympic National Park,Bird,2,Anseriformes,Anatidae,77742,175038,Active,Chen caerulescens,Snow Goose,,Probably Present
OLYM,Olympic National Park,Bird,2,Anseriformes,Anatidae,78533,175147,Active,Clangula hyemalis,Long-tailed Duck,,Present
OLYM,Olympic National Park,Bird,2,Anseriformes,Anatidae,76618,174992,Active,Cygnus buccinator,Trumpeter Swan,,Present
OLYM,Olympic National Park,Bird,2,Anseriformes,Anatidae,76612,174987,Active,Cygnus columbianus,Tundra Swan,,Present
OLYM,Olympic National Park,Bird,2,Anseriformes,Anatidae,78535,175149,Active,Histrionicus histrionicus,Harlequin Duck,,Present
OLYM,Olympic National Park,Bird,2,Anseriformes,Anatidae,78573,175183,Active,Lophodytes cucullatus,Hooded Merganser,,Present
OLYM,Olympic National Park,Bird,2,Anseriformes,Anatidae,78551,175163,Active,Melanitta fusca,White-winged Scoter,,Present
OLYM,Olympic National Park,Bird,2,Anseriformes,Anatidae,78560,175171,Active,Melanitta nigra,Black Scoter,,Probably Present
OLYM,Olympic National Park,Bird,2,Anseriformes,Anatidae,78559,175170,Active,Melanitta perspicillata,Surf Scoter,,Present
OLYM,Olympic National Park,Bird,2,Anseriformes,Anatidae,78575,175185,Active,Mergus merganser,Common Merganser,,Present
OLYM,Olympic National Park,Bird,2,Anseriformes,Anatidae,78577,175187,Active,Mergus serrator,Red-breasted Merganser,,Present
OLYM,Olympic National Park,Bird,2,Anseriformes,Anatidae,78564,175175,Active,Oxyura jamaicensis,Ruddy Duck,,Present
OLYM,Olympic National Park,Bird,2,Apodiformes,Apodidae,83047,178002,Active,Chaetura vauxi,Vaux's Swift,,Present
OLYM,Olympic National Park,Bird,2,Apodiformes,Apodidae,83039,177997,Active,Cypseloides niger,Black Swift,Nephoecetes niger borealis,Present
OLYM,Olympic National Park,Bird,2,Apodiformes,Trochilidae,83888,178036,Active,Calypte anna,Anna's Hummingbird,,Present
OLYM,Olympic National Park,Bird,2,Apodiformes,Trochilidae,83893,178040,Active,Selasphorus rufus,Rufous Hummingbird,,Present
OLYM,Olympic National Park,Bird,2,Caprimulgiformes,Caprimulgidae,83019,177979,Active,Chordeiles minor,Common Nighthawk,,Present
OLYM,Olympic National Park,Bird,2,Charadriiformes,Alcidae,81924,176996,Active,Brachyramphus marmoratus,Marbled Murrelet,,Present
OLYM,Olympic National Park,Bird,2,Charadriiformes,Alcidae,81919,176991,Active,Cepphus columba,Pigeon Guillemot,,Present
OLYM,Olympic National Park,Bird,2,Charadriiformes,Alcidae,81956,177023,Active,Cerorhinca monocerata,Rhinoceros Auklet,,Present
OLYM,Olympic National Park,Bird,2,Charadriiformes,Alcidae,81966,177032,Active,Fratercula cirrhata,Tufted Puffin,Lunda cirrhata,Present
OLYM,Olympic National Park,Bird,2,Charadriiformes,Alcidae,81945,177013,Active,Ptychoramphus aleuticus,Cassin's Auklet,,Present
OLYM,Olympic National Park,Bird,2,Charadriiformes,Alcidae,81939,177008,Active,Synthliboramphus antiquus,Ancient Murrelet,,Probably Present
OLYM,Olympic National Park,Bird,2,Charadriiformes,Alcidae,81900,176974,Active,Uria aalge,Common Murre,Uria troile californica,Present
OLYM,Olympic National Park,Bird,2,Charadriiformes,Charadriidae,77630,176506,Active,Charadrius semipalmatus,Semipalmated Plover,,Present
OLYM,Olympic National Park,Bird,2,Charadriiformes,Charadriidae,77646,176520,Active,Charadrius vociferus,Killdeer,Oxyechus vociferus,Present
OLYM,Olympic National Park,Bird,2,Charadriiformes,Charadriidae,265872,554381,Active,Pluvialis fulva,Pacific Golden-Plover,,Present
OLYM,Olympic National Park,Bird,2,Charadriiformes,Charadriidae,77697,176567,Active,Pluvialis squatarola,Black-bellied Plover,,Present
OLYM,Olympic National Park,Bird,2,Charadriiformes,Haematopodidae,77595,176475,Active,Haematopus bachmani,Black Oystercatcher,,Present
OLYM,Olympic National Park,Bird,2,Charadriiformes,Laridae,81187,176935,Active,Hydroprogne caspia,Caspian Tern,Sterna caspia,Present
OLYM,Olympic National Park,Bird,2,Charadriiformes,Laridae,81064,176824,Active,Larus argentatus,Herring Gull,,Present
OLYM,Olympic National Park,Bird,2,Charadriiformes,Laridae,81069,176829,Active,Larus californicus,California Gull,,Present
OLYM,Olympic National Park,Bird,2,Charadriiformes,Laridae,81073,176832,Active,Larus canus,Mew Gull,,Present
OLYM,Olympic National Park,Bird,2,Charadriiformes,Laridae,81071,176830,Active,Larus delawarensis,Ring-billed Gull,,Present
OLYM,Olympic National Park,Bird,2,Charadriiformes,Laridae,80383,176814,Active,Larus glaucescens,Glaucous-winged Gull,,Present
OLYM,Olympic National Park,Bird,2,Charadriiformes,Laridae,81083,176841,Active,Larus heermanni,Heermann's Gull,,Present
OLYM,Olympic National Park,Bird,2,Charadriiformes,Laridae,80376,176808,Active,Larus hyperboreus,Glaucous Gull,,Present
OLYM,Olympic National Park,Bird,2,Charadriiformes,Laridae,81056,176817,Active,Larus occidentalis,Western Gull,,Present
OLYM,Olympic National Park,Bird,2,Charadriiformes,Laridae,154750,-501532,Active,Larus occidentalis X glaucescens,Olympic Gull,,Present
OLYM,Olympic National Park,Bird,2,Charadriiformes,Laridae,81080,176839,Active,Larus philadelphia,Bonaparte's Gull,,Present
OLYM,Olympic National Park,Bird,2,Charadriiformes,Laridae,81079,176838,Active,Larus pipixcan,Franklin's Gull,,Present
OLYM,Olympic National Park,Bird,2,Charadriiformes,Laridae,80385,176816,Active,Larus schistisagus,Slaty-backed Gull,,Probably Present
OLYM,Olympic National Park,Bird,2,Charadriiformes,Laridae,81068,176828,Active,Larus thayeri,Thayer's Gull,,Present
OLYM,Olympic National Park,Bird,2,Charadriiformes,Laridae,848236,824079,Active,Leucophaeus atricilla,Laughing Gull,,Present
OLYM,Olympic National Park,Bird,2,Charadriiformes,Laridae,81120,176875,Active,Rissa tridactyla,Black-legged Kittiwake,,Present
OLYM,Olympic National Park,Bird,2,Charadriiformes,Laridae,81133,176887,Active,Sterna forsteri,Forster's Tern,,Present
OLYM,Olympic National Park,Bird,2,Charadriiformes,Laridae,81134,176888,Active,Sterna hirundo,Common Tern,,Probably Present
OLYM,Olympic National Park,Bird,2,Charadriiformes,Laridae,81137,176890,Active,Sterna paradisaea,Arctic Tern,,Probably Present
OLYM,Olympic National Park,Bird,2,Charadriiformes,Laridae,81183,176931,Active,Thalasseus elegans,Elegant Tern,,Present
OLYM,Olympic National Park,Bird,2,Charadriiformes,Scolopacidae,79222,176612,Active,Actitis macularia,Spotted Sandpiper,,Present
OLYM,Olympic National Park,Bird,2,Charadriiformes,Scolopacidae,79289,176673,Active,Aphriza virgata,Surfbird,,Present
OLYM,Olympic National Park,Bird,2,Charadriiformes,Scolopacidae,77702,176571,Active,Arenaria interpres,Ruddy Turnstone,,Present
OLYM,Olympic National Park,Bird,2,Charadriiformes,Scolopacidae,77705,176574,Active,Arenaria melanocephala,Black Turnstone,,Present
OLYM,Olympic National Park,Bird,2,Charadriiformes,Scolopacidae,79284,176669,Active,Calidris alba,Sanderling,,Present
OLYM,Olympic National Park,Bird,2,Charadriiformes,Scolopacidae,79276,176661,Active,Calidris alpina,Dunlin,,Present
OLYM,Olympic National Park,Bird,2,Charadriiformes,Scolopacidae,79269,176655,Active,Calidris bairdii,Baird's Sandpiper,,Present
OLYM,Olympic National Park,Bird,2,Charadriiformes,Scolopacidae,79255,176642,Active,Calidris canutus,Red Knot,,Present
OLYM,Olympic National Park,Bird,2,Charadriiformes,Scolopacidae,79283,176668,Active,Calidris mauri,Western Sandpiper,,Present
OLYM,Olympic National Park,Bird,2,Charadriiformes,Scolopacidae,79267,176653,Active,Calidris melanotos,Pectoral Sandpiper,,Present
OLYM,Olympic National Park,Bird,2,Charadriiformes,Scolopacidae,79270,176656,Active,Calidris minutilla,Least Sandpiper,,Present
OLYM,Olympic National Park,Bird,2,Charadriiformes,Scolopacidae,79260,176647,Active,Calidris ptilocnemis,Rock Sandpiper,,Present
OLYM,Olympic National Park,Bird,2,Charadriiformes,Scolopacidae,79282,176667,Active,Calidris pusilla,Semipalmated Sandpiper,,Probably Present
OLYM,Olympic National Park,Bird,2,Charadriiformes,Scolopacidae,79273,176659,Active,Calidris ruficollis,Red-necked Stint,,Present
OLYM,Olympic National Park,Bird,2,Charadriiformes,Scolopacidae,80257,176700,Active,Gallinago gallinago,"common snipe, Wilson's snipe",Capella delicata,Present
OLYM,Olympic National Park,Bird,2,Charadriiformes,Scolopacidae,79247,176635,Active,Heteroscelus incanus,Wandering Tattler,,Present
OLYM,Olympic National Park,Bird,2,Charadriiformes,Scolopacidae,79291,176675,Active,Limnodromus griseus,Short-billed Dowitcher,,Present
OLYM,Olympic National Park,Bird,2,Charadriiformes,Scolopacidae,79295,176679,Active,Limnodromus scolopaceus,Long-billed Dowitcher,,Present
OLYM,Olympic National Park,Bird,2,Charadriiformes,Scolopacidae,79303,176686,Active,Limosa fedoa,Marbled Godwit,,Present
OLYM,Olympic National Park,Bird,2,Charadriiformes,Scolopacidae,79206,176599,Active,Numenius phaeopus,Whimbrel,,Present
OLYM,Olympic National Park,Bird,2,Charadriiformes,Scolopacidae,265861,554376,Active,Phalaropus fulicaria,Red Phalarope,Phalaropus fulicarius,Present
OLYM,Olympic National Park,Bird,2,Charadriiformes,Scolopacidae,80295,176735,Active,Phalaropus lobatus,Northern Phalarope,,Present
OLYM,Olympic National Park,Bird,2,Charadriiformes,Scolopacidae,79231,176620,Active,Tringa flavipes,Lesser Yellowlegs,,Present
OLYM,Olympic National Park,Bird,2,Charadriiformes,Scolopacidae,79229,176619,Active,Tringa melanoleuca,Greater Yellowlegs,,Present
OLYM,Olympic National Park,Bird,2,Charadriiformes,Scolopacidae,79225,176615,Active,Tringa solitaria,Solitary Sandpiper,,Present
OLYM,Olympic National Park,Bird,2,Charadriiformes,Stercorariidae,80360,176794,Active,Stercorarius longicaudus,Long-tailed Jaeger,,Probably Present
OLYM,Olympic National Park,Bird,2,Charadriiformes,Stercorariidae,80359,176793,Active,Stercorarius parasiticus,Parasitic Jaeger,,Probably Present
OLYM,Olympic National Park,Bird,2,Charadriiformes,Stercorariidae,80358,176792,Active,Stercorarius pomarinus,Pomarine Jaeger,,Present
OLYM,Olympic National Park,Bird,2,Columbiformes,Columbidae,82677,177071,Active,Columba livia,Rock Pigeon,,Present
OLYM,Olympic National Park,Bird,2,Columbiformes,Columbidae,525775,676899,Active,Patagioenas fasciata,Band-tailed Pigeon,Columba fasciata,Present
OLYM,Olympic National Park,Bird,2,Columbiformes,Columbidae,82752,177139,Active,Streptopelia decaocto,Eurasian Collared-Dove,,Present
OLYM,Olympic National Park,Bird,2,Columbiformes,Columbidae,82737,177125,Active,Zenaida macroura,Mourning Dove,Zenaida macroura marginella,Present
OLYM,Olympic National Park,Bird,2,Coraciiformes,Alcedinidae,83980,178119,Active,Ceryle alcyon,Belted Kingfisher,Megaceryle alcyon caurina,Present
OLYM,Olympic National Park,Bird,2,Falconiformes,Falconidae,82534,175614,Active,Falco columbarius columbarius,Merlin (tundra subspecies),,Present
OLYM,Olympic National Park,Bird,2,Falconiformes,Falconidae,82535,175615,Active,Falco columbarius suckleyi,Merlin (coastal forest subspecies),Falco columbarius,Present
OLYM,Olympic National Park,Bird,2,Falconiformes,Falconidae,81854,175604,Active,Falco peregrinus,Peregrine Falcon,Falco peregrinus pealei,Present
OLYM,Olympic National Park,Bird,2,Falconiformes,Falconidae,82543,175622,Active,Falco sparverius,American Kestrel,Falco sparverius deserticola,Present
OLYM,Olympic National Park,Bird,2,Galliformes,Odontophoridae,84295,175876,Active,Callipepla californica,California Quail,,Present
OLYM,Olympic National Park,Bird,2,Galliformes,Phasianidae,83143,175800,Active,Bonasa umbellus castanea,Ruffed Grouse,Bonasa umbellus,Present
OLYM,Olympic National Park,Bird,2,Galliformes,Phasianidae,84278,175860,Active,Dendragapus obscurus,Sooty (Blue) Grouse,"Dendragapus obscurus fuliginosus, Dendragapus fuliginosus fuliginosus",Present
OLYM,Olympic National Park,Bird,2,Galliformes,Phasianidae,84328,175905,Active,Phasianus colchicus,Ring-necked Pheasant,,Present
OLYM,Olympic National Park,Bird,2,Gaviiformes,Gaviidae,81671,174469,Active,Gavia immer,Common Loon,,Present
OLYM,Olympic National Park,Bird,2,Gaviiformes,Gaviidae,81678,174475,Active,Gavia pacifica,Pacific Loon,,Present
OLYM,Olympic National Park,Bird,2,Gaviiformes,Gaviidae,81677,174474,Active,Gavia stellata,Red-throated Loon,,Present
OLYM,Olympic National Park,Bird,2,Gruiformes,Gruidae,86496,176177,Active,Grus canadensis,Sandhill Crane,,Present
OLYM,Olympic National Park,Bird,2,Gruiformes,Rallidae,87290,176292,Active,Fulica americana,American Coot,,Present
OLYM,Olympic National Park,Bird,2,Gruiformes,Rallidae,87212,176221,Active,Rallus limicola,Virginia Rail,,Present
OLYM,Olympic National Park,Bird,2,Passeriformes,Aegithalidae,90923,178764,Active,Psaltriparus minimus,Bushtit,,Present
OLYM,Olympic National Park,Bird,2,Passeriformes,Alaudidae,264079,554256,Active,Eremophila alpestris,Horned Lark,Otocoris alpestris articola,Present
OLYM,Olympic National Park,Bird,2,Passeriformes,Bombycillidae,88296,178532,Active,Bombycilla cedrorum,Cedar Waxwing,,Present
OLYM,Olympic National Park,Bird,2,Passeriformes,Bombycillidae,88292,178529,Active,Bombycilla garrulus,Bohemian Waxwing,,Present
OLYM,Olympic National Park,Bird,2,Passeriformes,Calcariidae,85681,179526,Active,Calcarius lapponicus,Lapland Longspur,,Present
OLYM,Olympic National Park,Bird,2,Passeriformes,Calcariidae,85688,179532,Active,Plectrophenax nivalis,Snow Bunting,,Present
OLYM,Olympic National Park,Bird,2,Passeriformes,Cardinalidae,94258,179151,Active,Passerina amoena,Lazuli Bunting,,Present
OLYM,Olympic National Park,Bird,2,Passeriformes,Cardinalidae,94257,179150,Active,Passerina cyanea,Indigo Bunting,,Present
OLYM,Olympic National Park,Bird,2,Passeriformes,Cardinalidae,94246,179140,Active,Pheucticus melanocephalus,Black-headed Grosbeak,Hedymeles melanocephalus melanocephalus,Present
OLYM,Olympic National Park,Bird,2,Passeriformes,Cardinalidae,88070,179882,Active,Piranga ludoviciana,Western Tanager,,Present
OLYM,Olympic National Park,Bird,2,Passeriformes,Certhiidae,90967,178803,Active,Certhia americana,Brown Creeper,,Present
OLYM,Olympic National Park,Bird,2,Passeriformes,Cinclidae,88300,178536,Active,Cinclus mexicanus,American Dipper,Cinclus mexicanus unicolor,Present
OLYM,Olympic National Park,Bird,2,Passeriformes,Corvidae,87106,179731,Active,Corvus brachyrhynchos,American Crow,,Present
OLYM,Olympic National Park,Bird,2,Passeriformes,Corvidae,87111,179736,Active,Corvus caurinus,Northwestern Crow,,Present
OLYM,Olympic National Park,Bird,2,Passeriformes,Corvidae,87099,179725,Active,Corvus corax,Common Raven,Corvus corax principalis,Present
OLYM,Olympic National Park,Bird,2,Passeriformes,Corvidae,86257,179685,Active,Cyanocitta stelleri,Steller's Jay,Cyanocitta stelleri stelleri,Present
OLYM,Olympic National Park,Bird,2,Passeriformes,Corvidae,87127,179750,Active,Nucifraga columbiana,Clark's Nutcracker,,Present
OLYM,Olympic National Park,Bird,2,Passeriformes,Corvidae,86248,179677,Active,Perisoreus canadensis obscurus,Gray Jay,Perisoreus canadensis,Present
OLYM,Olympic National Park,Bird,2,Passeriformes,Emberizidae,84754,179410,Active,Junco hyemalis,Dark-eyed Junco,Junco oreganus,Present
OLYM,Olympic National Park,Bird,2,Passeriformes,Emberizidae,85638,179488,Active,Melospiza georgiana,Swamp Sparrow,,Present
OLYM,Olympic National Park,Bird,2,Passeriformes,Emberizidae,85634,179484,Active,Melospiza lincolnii,Lincoln's Sparrow,,Present
OLYM,Olympic National Park,Bird,2,Passeriformes,Emberizidae,85643,179492,Active,Melospiza melodia,Song Sparrow,Melospiza melodia morphna,Present
OLYM,Olympic National Park,Bird,2,Passeriformes,Emberizidae,83846,179314,Active,Passerculus sandwichensis,Savannah Sparrow,,Present
OLYM,Olympic National Park,Bird,2,Passeriformes,Emberizidae,85612,179464,Active,Passerella iliaca,Fox Sparrow,,Present
OLYM,Olympic National Park,Bird,2,Passeriformes,Emberizidae,265870,554380,Active,Pipilo maculatus,Spotted Towhee,Pipilo erythrophthalmus,Present
OLYM,Olympic National Park,Bird,2,Passeriformes,Emberizidae,84704,179366,Active,Pooecetes gramineus,Vesper Sparrow,,Present
OLYM,Olympic National Park,Bird,2,Passeriformes,Emberizidae,84781,179435,Active,Spizella passerina,Chipping Sparrow,,Present
OLYM,Olympic National Park,Bird,2,Passeriformes,Emberizidae,85610,179462,Active,Zonotrichia albicollis,White-throated Sparrow,,Present
OLYM,Olympic National Park,Bird,2,Passeriformes,Emberizidae,85609,179461,Active,Zonotrichia atricapilla,Golden-crowned Sparrow,Zonotrichia coronata,Present
OLYM,Olympic National Park,Bird,2,Passeriformes,Emberizidae,85602,179455,Active,Zonotrichia leucophrys,White-crowned Sparrow,,Present
OLYM,Olympic National Park,Bird,2,Passeriformes,Fringillidae,95280,179230,Active,Carduelis flammea,Common Redpoll,,Present
OLYM,Olympic National Park,Bird,2,Passeriformes,Fringillidae,95283,179233,Active,Carduelis pinus,Pine Siskin,Spinus pinus pinus,Present
OLYM,Olympic National Park,Bird,2,Passeriformes,Fringillidae,95286,179236,Active,Carduelis tristis,American Goldfinch,,Present
OLYM,Olympic National Park,Bird,2,Passeriformes,Fringillidae,94301,179190,Active,Carpodacus cassinii,Cassin's Finch,,Present
OLYM,Olympic National Park,Bird,2,Passeriformes,Fringillidae,94302,179191,Active,Carpodacus mexicanus,House Finch,,Present
OLYM,Olympic National Park,Bird,2,Passeriformes,Fringillidae,94296,179186,Active,Carpodacus purpureus,Purple Finch,,Present
OLYM,Olympic National Park,Bird,2,Passeriformes,Fringillidae,94282,179173,Active,Coccothraustes vespertinus,Evening Grosbeak,"Coccothraustes vespertinus montana, Hesperiphona vespertina brooksi",Present
OLYM,Olympic National Park,Bird,2,Passeriformes,Fringillidae,94329,179215,Active,Leucosticte tephrocotis,Gray-crowned Rosy-Finch,"Leucosticte tephrocotis littoralis, Leucosticte arctoa",Present
OLYM,Olympic National Park,Bird,2,Passeriformes,Fringillidae,95311,179259,Active,Loxia curvirostra,Red Crossbill,"Loxia curvirostra minor, Loxia curvirostra americana",Present
OLYM,Olympic National Park,Bird,2,Passeriformes,Fringillidae,83794,179268,Active,Loxia leucoptera,White-winged Crossbill,,Present
OLYM,Olympic National Park,Bird,2,Passeriformes,Fringillidae,94318,179205,Active,Pinicola enucleator,Pine Grosbeak,Pinicola enucleator alascensis,Present
OLYM,Olympic National Park,Bird,2,Passeriformes,Hirundinidae,87409,178448,Active,Hirundo rustica,Barn Swallow,,Present
OLYM,Olympic National Park,Bird,2,Passeriformes,Hirundinidae,87417,178455,Active,Petrochelidon pyrrhonota,"cliff swallow, northern cliff swallow, Cliff Swallow","Petrochelidon albifrons albifrons, Hirundo pyrrhonota",Present
OLYM,Olympic National Park,Bird,2,Passeriformes,Hirundinidae,87404,178443,Active,Stelgidopteryx serripennis,Northern Rough-winged Swallow,Stelgidopteryx ruficollis serripennis,Present
OLYM,Olympic National Park,Bird,2,Passeriformes,Hirundinidae,87391,178431,Active,Tachycineta bicolor,Tree Swallow,,Present
OLYM,Olympic National Park,Bird,2,Passeriformes,Hirundinidae,87386,178427,Active,Tachycineta thalassina,Violet-green Swallow,,Present
OLYM,Olympic National Park,Bird,2,Passeriformes,Icteridae,93613,179045,Active,Agelaius phoeniceus,Red-winged Blackbird,,Present
OLYM,Olympic National Park,Bird,2,Passeriformes,Icteridae,93667,179094,Active,Euphagus cyanocephalus,Brewer's Blackbird,,Present
OLYM,Olympic National Park,Bird,2,Passeriformes,Icteridae,93655,179083,Active,Icterus galbula,Northern Oriole,,Present
OLYM,Olympic National Park,Bird,2,Passeriformes,Icteridae,94215,179112,Active,Molothrus ater,Brown-headed Cowbird,,Present
OLYM,Olympic National Park,Bird,2,Passeriformes,Icteridae,93606,179039,Active,Sturnella neglecta,Western Meadowlark,,Present
OLYM,Olympic National Park,Bird,2,Passeriformes,Icteridae,93611,179043,Active,Xanthocephalus xanthocephalus,Yellow-headed Blackbird,,Present
OLYM,Olympic National Park,Bird,2,Passeriformes,Laniidae,88273,178511,Active,Lanius excubitor,Northern Shrike,,Present
OLYM,Olympic National Park,Bird,2,Passeriformes,Mimidae,88394,178620,Active,Mimus polyglottos,Northern Mockingbird,,Present
OLYM,Olympic National Park,Bird,2,Passeriformes,Motacillidae,266934,554127,Active,Anthus rubescens,American Pipit,Anthus spinoletta,Present
OLYM,Olympic National Park,Bird,2,Passeriformes,Paridae,265874,554382,Active,Poecile atricapillus,Black-capped Chickadee,Parus atricapillus,Present
OLYM,Olympic National Park,Bird,2,Passeriformes,Paridae,265884,554387,Active,Poecile rufescens,Chestnut-backed Chickadee,Parus rufescens,Present
OLYM,Olympic National Park,Bird,2,Passeriformes,Parulidae,92645,178888,Active,Dendroica caerulescens,Black-throated Blue Warbler,,Present
OLYM,Olympic National Park,Bird,2,Passeriformes,Parulidae,92652,178894,Active,Dendroica coronata auduboni,Yellow-rumped Warber (Audubon's),Dendroica coronata,Present
OLYM,Olympic National Park,Bird,2,Passeriformes,Parulidae,92650,178892,Active,Dendroica coronata coronata,Yellow-rumped Warbler (Myrtle),,Present
OLYM,Olympic National Park,Bird,2,Passeriformes,Parulidae,92654,178896,Active,Dendroica nigrescens,Black-throated Gray Warbler,,Present
OLYM,Olympic National Park,Bird,2,Passeriformes,Parulidae,92662,178902,Active,Dendroica occidentalis,Hermit Warbler,,Present
OLYM,Olympic National Park,Bird,2,Passeriformes,Parulidae,92683,178921,Active,Dendroica palmarum,Palm Warbler,,Probably Present
OLYM,Olympic National Park,Bird,2,Passeriformes,Parulidae,92634,178878,Active,Dendroica petechia,Yellow Warbler,Dendroica petechia morcomi,Present
OLYM,Olympic National Park,Bird,2,Passeriformes,Parulidae,92655,178897,Active,Dendroica townsendi,Townsend's Warbler,,Present
OLYM,Olympic National Park,Bird,2,Passeriformes,Parulidae,92708,178944,Active,Geothlypis trichas,Common Yellowthroat,,Present
OLYM,Olympic National Park,Bird,2,Passeriformes,Parulidae,92704,178940,Active,Oporornis tolmiei,Macgillivray's Warbler,,Present
OLYM,Olympic National Park,Bird,2,Passeriformes,Parulidae,92623,178868,Active,Parula americana,Northern Parula,,Present
OLYM,Olympic National Park,Bird,2,Passeriformes,Parulidae,92746,178979,Active,Setophaga ruticilla,American Redstart,,Present
OLYM,Olympic National Park,Bird,2,Passeriformes,Parulidae,91025,178856,Active,Vermivora celata,Orange-crowned Warbler,,Present
OLYM,Olympic National Park,Bird,2,Passeriformes,Parulidae,92740,178973,Active,Wilsonia pusilla,Wilson's Warbler,,Present
OLYM,Olympic National Park,Bird,2,Passeriformes,Passeridae,86194,179628,Active,Passer domesticus,House Sparrow,,Present
OLYM,Olympic National Park,Bird,2,Passeriformes,Regulidae,88057,179870,Active,Regulus calendula,Ruby-crowned Kinglet,,Present
OLYM,Olympic National Park,Bird,2,Passeriformes,Regulidae,88051,179865,Active,Regulus satrapa,Golden-crowned Kinglet,,Present
OLYM,Olympic National Park,Bird,2,Passeriformes,Sittidae,90945,178784,Active,Sitta canadensis,Red-breasted Nuthatch,,Present
OLYM,Olympic National Park,Bird,2,Passeriformes,Sturnidae,86204,179637,Active,Sturnus vulgaris,European Starling,,Present
OLYM,Olympic National Park,Bird,2,Passeriformes,Troglodytidae,88380,178608,Active,Cistothorus palustris,Marsh Wren,,Present
OLYM,Olympic National Park,Bird,2,Passeriformes,Troglodytidae,88387,178614,Active,Salpinctes obsoletus,Rock Wren,,Present
OLYM,Olympic National Park,Bird,2,Passeriformes,Troglodytidae,88329,178562,Active,Thryomanes bewickii,Bewick's Wren,,Present
OLYM,Olympic National Park,Bird,2,Passeriformes,Troglodytidae,88306,178541,Active,Troglodytes aedon,House Wren,,Present
OLYM,Olympic National Park,Bird,2,Passeriformes,Troglodytidae,921891,916804,Active,Troglodytes pacificus,Pacific (Winter) Wren,Troglodytes troglodytes,Present
OLYM,Olympic National Park,Bird,2,Passeriformes,Turdidae,87158,179779,Active,Catharus guttatus,Hermit Thrush,Catharus guttatus jewetti,Present
OLYM,Olympic National Park,Bird,2,Passeriformes,Turdidae,87168,179788,Active,Catharus ustulatus,Swainson's Thrush,Hylocichla ustulata ustulata,Present
OLYM,Olympic National Park,Bird,2,Passeriformes,Turdidae,87152,179773,Active,Ixoreus naevius,Varied Thrush,Ixoreus naevius naevius,Present
OLYM,Olympic National Park,Bird,2,Passeriformes,Turdidae,88006,179824,Active,Myadestes townsendi,Townsend's Solitaire,,Present
OLYM,Olympic National Park,Bird,2,Passeriformes,Turdidae,87195,179811,Active,Sialia currucoides,Mountain Bluebird,,Present
OLYM,Olympic National Park,Bird,2,Passeriformes,Turdidae,87189,179806,Active,Sialia mexicana,Western Bluebird,Sialia mexicana occidentalis,Present
OLYM,Olympic National Park,Bird,2,Passeriformes,Turdidae,87136,179759,Active,Turdus migratorius,American Robin,,Present
OLYM,Olympic National Park,Bird,2,Passeriformes,Tyrannidae,267828,554221,Active,Contopus cooperi,Olive-sided flycatcher,Contopus borealis,Present
OLYM,Olympic National Park,Bird,2,Passeriformes,Tyrannidae,85848,178360,Active,Contopus sordidulus,Western Wood-Pewee,,Present
OLYM,Olympic National Park,Bird,2,Passeriformes,Tyrannidae,85834,178348,Active,Empidonax difficilis,Pacific-slope Flycatcher,,Present
OLYM,Olympic National Park,Bird,2,Passeriformes,Tyrannidae,264075,554254,Active,Empidonax hammondii,Hammond's Flycatcher,,Present
OLYM,Olympic National Park,Bird,2,Passeriformes,Tyrannidae,85832,178346,Active,Empidonax oberholseri,Dusky Flycatcher,,Present
OLYM,Olympic National Park,Bird,2,Passeriformes,Tyrannidae,85827,178341,Active,Empidonax traillii,Willow Flycatcher,,Present
OLYM,Olympic National Park,Bird,2,Passeriformes,Tyrannidae,85813,178329,Active,Sayornis phoebe,Eastern Phoebe,,Present
OLYM,Olympic National Park,Bird,2,Passeriformes,Tyrannidae,85757,178279,Active,Tyrannus tyrannus,Eastern Kingbird,,Present
OLYM,Olympic National Park,Bird,2,Passeriformes,Vireonidae,266864,554456,Active,Vireo cassinii,Cassin's Vireo,Vireo solitarius,Present
OLYM,Olympic National Park,Bird,2,Passeriformes,Vireonidae,93589,179023,Active,Vireo gilvus,Warbling Vireo,,Present
OLYM,Olympic National Park,Bird,2,Passeriformes,Vireonidae,93558,178997,Active,Vireo huttoni,Hutton's Vireo,,Present
OLYM,Olympic National Park,Bird,2,Pelecaniformes,Ardeidae,84416,174773,Active,Ardea herodias,Great Blue Heron,,Present
OLYM,Olympic National Park,Bird,2,Pelecaniformes,Ardeidae,84450,174803,Active,Bubulcus ibis,Cattle Egret,,Present
OLYM,Olympic National Park,Bird,2,Pelecaniformes,Ardeidae,84438,174793,Active,Butorides virescens,Green-backed Heron,Butorides striatus,Present
OLYM,Olympic National Park,Bird,2,Pelecaniformes,Pelecanidae,83382,174684,Active,Pelecanus erythrorhynchos,American White Pelican,,Present
OLYM,Olympic National Park,Bird,2,Pelecaniformes,Pelecanidae,83383,174685,Active,Pelecanus occidentalis,Brown Pelican,,Present
OLYM,Olympic National Park,Bird,2,Piciformes,Picidae,84820,178154,Active,Colaptes auratus,Northern Flicker,,Present
OLYM,Olympic National Park,Bird,2,Piciformes,Picidae,84833,178166,Active,Dryocopus pileatus,Pileated Woodpecker,,Present
OLYM,Olympic National Park,Bird,2,Piciformes,Picidae,84858,178189,Active,Melanerpes formicivorus,Acorn Woodpecker,,Present
OLYM,Olympic National Park,Bird,2,Piciformes,Picidae,84866,178196,Active,Melanerpes lewis,"Lewis' Woodpecker, Lewis's Woodpecker",Asyndesmus lewis,Present
OLYM,Olympic National Park,Bird,2,Piciformes,Picidae,84936,178259,Active,Picoides pubescens,Downy Woodpecker,,Present
OLYM,Olympic National Park,Bird,2,Piciformes,Picidae,84928,178251,Active,Picoides tridactylus,American Three-toed Woodpecker,,Present
OLYM,Olympic National Park,Bird,2,Piciformes,Picidae,85739,178262,Active,Picoides villosus,Hairy Woodpecker,Dryobates villosus harrisi,Present
OLYM,Olympic National Park,Bird,2,Piciformes,Picidae,84884,178211,Active,Sphyrapicus nuchalis,Red-naped Sapsucker,,Present
OLYM,Olympic National Park,Bird,2,Piciformes,Picidae,84885,178212,Active,Sphyrapicus ruber,Red-breasted Sapsucker,Sphyrapicus varius ruber,Present
OLYM,Olympic National Park,Bird,2,Podicipediformes,Podicipedidae,81710,174503,Active,Aechmophorus occidentalis,Western Grebe,,Present
OLYM,Olympic National Park,Bird,2,Podicipediformes,Podicipedidae,81686,174482,Active,Podiceps auritus,Horned Grebe,,Present
OLYM,Olympic National Park,Bird,2,Podicipediformes,Podicipedidae,81682,174479,Active,Podiceps grisegena,Red-necked Grebe,Colymbus grisegena holboelli,Present
OLYM,Olympic National Park,Bird,2,Podicipediformes,Podicipedidae,81712,174505,Active,Podilymbus podiceps,Pied-billed Grebe,,Present
OLYM,Olympic National Park,Bird,2,Procellariiformes,Hydrobatidae,82514,174625,Active,Oceanodroma furcata,Fork-tailed Storm-Petrel,,Present
OLYM,Olympic National Park,Bird,2,Procellariiformes,Hydrobatidae,82517,174628,Active,Oceanodroma leucorhoa,Leach's Storm-Petrel,Oceandroma kaedingi,Present
OLYM,Olympic National Park,Bird,2,Procellariiformes,Procellariidae,82434,174553,Active,Puffinus griseus,Sooty Shearwater,,Present
OLYM,Olympic National Park,Bird,2,Procellariiformes,Procellariidae,82436,174555,Active,Puffinus puffinus,Manx Shearwater,,Probably Present
OLYM,Olympic National Park,Bird,2,Strigiformes,Strigidae,82979,177942,Active,Aegolius acadicus,Northern Saw-whet Owl,,Present
OLYM,Olympic National Park,Bird,2,Strigiformes,Strigidae,82971,177935,Active,Asio flammeus,Short-eared Owl,,Present
OLYM,Olympic National Park,Bird,2,Strigiformes,Strigidae,82968,177932,Active,Asio otus,Long-eared Owl,,Present
OLYM,Olympic National Park,Bird,2,Strigiformes,Strigidae,80772,177884,Active,Bubo virginianus,Great Horned Owl,Bubo virginianus saturatus,Present
OLYM,Olympic National Park,Bird,2,Strigiformes,Strigidae,82935,177902,Active,Glaucidium gnoma,Northern Pygmy-Owl,,Present
OLYM,Olympic National Park,Bird,2,Strigiformes,Strigidae,80785,177896,Active,Nyctea scandiaca,Snowy Owl,,Present
OLYM,Olympic National Park,Bird,2,Strigiformes,Strigidae,269010,555388,Active,Otus kennicottii,Western Screech-Owl,Otus asio kennicotti,Present
OLYM,Olympic National Park,Bird,2,Strigiformes,Strigidae,82961,177926,Active,Strix occidentalis caurina,Spotted Owl,Strix occidentalis,Present
OLYM,Olympic National Park,Bird,2,Strigiformes,Strigidae,82956,177921,Active,Strix varia,Barred Owl,,Present
OLYM,Olympic National Park,Bird,2,Strigiformes,Tytonidae,80736,177851,Active,Tyto alba,Barn Owl,,Present
OLYM,Olympic National Park,Bird,2,Suliformes,Phalacrocoracidae,83419,174717,Active,Phalacrocorax auritus,Double-crested Cormorant,Phalacrocorax dilophus cincinatus,Present
OLYM,Olympic National Park,Bird,2,Suliformes,Phalacrocoracidae,83428,174725,Active,Phalacrocorax pelagicus,Pelagic Cormorant,,Present
OLYM,Olympic National Park,Bird,2,Suliformes,Phalacrocoracidae,83427,174724,Active,Phalacrocorax penicillatus,Brandt's Cormorant,,Present
